{
    "rotor_positions": [
        [
            0.028,
            -0.028,
            0.0
        ],
        [
            -0.028,
            -0.028,
            0.0
        ],
        [
            -0.028,
            0.028,
            0.0
        ],
        [
            0.028,
            0.028,
            0.0
        ]
    ],
    "rotor_thrust_directions": [
        [
            0.0,
            0.0,
            1.0
        ],
        [
            0.0,
            0.0,
            1.0
        ],
        [
            0.0,
            0.0,
            1.0
        ],
        [
            0.0,
            0.0,
            1.0
        ]
    ],
    "rotor_torque_directions": [
        [
            0.0,
            0.0,
            -1.0
        ],
        [
            0.0,
            0.0,
            1.0
        ],
        [
            0.0,
            0.0,
            -1.0
        ],
        [
            0.0,
            0.0,
            1.0
        ]
    ],
    "thrust_coefficients": [
        [
            0.003525,
            0.014373,
            0.09223
        ],
        [
            0.003525,
            0.014373,
            0.09223
        ],
        [
            0.003525,
            0.014373,
            0.09223
        ],
        [
            0.003525,
            0.014373,
            0.09223
        ]
    ],
    "rotor_torque_constants": [
        0.004665,
        0.004665,
        0.004665,
        0.004665
    ],
    "delay_rising_constants": [
        0.055455,
        0.055455,
        0.055455,
        0.055455
    ],
    "delay_falling_constants": [
        0.249394,
        0.249394,
        0.249394,
        0.249394
    ],
    "mass": 0.0306,
    "gravity": [
        0.0,
        0.0,
        -9.81
    ],
    "inertia_diag": [
        9e-06,
        1e-05,
        1.7e-05
    ],
    "J_inv": [
        [
            106195.929688,
            0.0,
            0.0
        ],
        [
            0.0,
            103690.859375,
            0.0
        ],
        [
            0.0,
            0.0,
            57275.351562
        ]
    ],
    "hovering_throttle_relative": 0.726139,
    "action_limit": {
        "min": 0.0,
        "max": 1.0
    }
}